<?xml version="1.0"?>
<?mso-application progid="Excel.Sheet"?>
<Workbook xmlns="urn:schemas-microsoft-com:office:spreadsheet"
 xmlns:o="urn:schemas-microsoft-com:office:office"
 xmlns:x="urn:schemas-microsoft-com:office:excel"
 xmlns:ss="urn:schemas-microsoft-com:office:spreadsheet"
 xmlns:html="http://www.w3.org/TR/REC-html40">
 <DocumentProperties xmlns="urn:schemas-microsoft-com:office:office">
  <Author>Aishwarya</Author>
  <LastAuthor>Admin</LastAuthor>
  <Created>2020-01-06T12:33:06Z</Created>
  <LastSaved>2020-01-06T12:35:42Z</LastSaved>
  <Version>15.00</Version>
 </DocumentProperties>
 <OfficeDocumentSettings xmlns="urn:schemas-microsoft-com:office:office">
  <AllowPNG/>
 </OfficeDocumentSettings>
 <ExcelWorkbook xmlns="urn:schemas-microsoft-com:office:excel">
  <WindowHeight>7755</WindowHeight>
  <WindowWidth>16815</WindowWidth>
  <WindowTopX>0</WindowTopX>
  <WindowTopY>0</WindowTopY>
  <ProtectStructure>False</ProtectStructure>
  <ProtectWindows>False</ProtectWindows>
 </ExcelWorkbook>
 <Styles>
  <Style ss:ID="Default" ss:Name="Normal">
   <Alignment ss:Vertical="Bottom"/>
   <Borders/>
   <Font ss:FontName="Calibri" x:Family="Swiss" ss:Size="11" ss:Color="#000000"/>
   <Interior/>
   <NumberFormat/>
   <Protection/>
  </Style>
 </Styles>
 <Worksheet ss:Name="Supermarket">
  <Table ss:ExpandedColumnCount="3" ss:ExpandedRowCount="26" x:FullColumns="1"
   x:FullRows="1" ss:DefaultRowHeight="15">
   <Row>
    <Cell><Data ss:Type="String">Day</Data></Cell>
    <Cell><Data ss:Type="String">Store</Data></Cell>
    <Cell><Data ss:Type="String">Percentage</Data></Cell>
   </Row>
   <Row>
    <Cell><Data ss:Type="String">Monday</Data></Cell>
    <Cell><Data ss:Type="String">A</Data></Cell>
    <Cell><Data ss:Type="Number">79</Data></Cell>
   </Row>
   <Row>
    <Cell><Data ss:Type="String">Monday</Data></Cell>
    <Cell><Data ss:Type="String">B</Data></Cell>
    <Cell><Data ss:Type="Number">81</Data></Cell>
   </Row>
   <Row>
    <Cell><Data ss:Type="String">Monday</Data></Cell>
    <Cell><Data ss:Type="String">C</Data></Cell>
    <Cell><Data ss:Type="Number">74</Data></Cell>
   </Row>
   <Row>
    <Cell><Data ss:Type="String">Monday</Data></Cell>
    <Cell><Data ss:Type="String">D</Data></Cell>
    <Cell><Data ss:Type="Number">77</Data></Cell>
   </Row>
   <Row>
    <Cell><Data ss:Type="String">Monday</Data></Cell>
    <Cell><Data ss:Type="String">E</Data></Cell>
    <Cell><Data ss:Type="Number">66</Data></Cell>
   </Row>
   <Row>
    <Cell><Data ss:Type="String">Tuesday</Data></Cell>
    <Cell><Data ss:Type="String">A</Data></Cell>
    <Cell><Data ss:Type="Number">78</Data></Cell>
   </Row>
   <Row>
    <Cell><Data ss:Type="String">Tuesday</Data></Cell>
    <Cell><Data ss:Type="String">B</Data></Cell>
    <Cell><Data ss:Type="Number">86</Data></Cell>
   </Row>
   <Row>
    <Cell><Data ss:Type="String">Tuesday</Data></Cell>
    <Cell><Data ss:Type="String">C</Data></Cell>
    <Cell><Data ss:Type="Number">89</Data></Cell>
   </Row>
   <Row>
    <Cell><Data ss:Type="String">Tuesday</Data></Cell>
    <Cell><Data ss:Type="String">D</Data></Cell>
    <Cell><Data ss:Type="Number">97</Data></Cell>
   </Row>
   <Row>
    <Cell><Data ss:Type="String">Tuesday</Data></Cell>
    <Cell><Data ss:Type="String">E</Data></Cell>
    <Cell><Data ss:Type="Number">86</Data></Cell>
   </Row>
   <Row>
    <Cell><Data ss:Type="String">Wednesday</Data></Cell>
    <Cell><Data ss:Type="String">A</Data></Cell>
    <Cell><Data ss:Type="Number">81</Data></Cell>
   </Row>
   <Row>
    <Cell><Data ss:Type="String">Wednesday</Data></Cell>
    <Cell><Data ss:Type="String">B</Data></Cell>
    <Cell><Data ss:Type="Number">87</Data></Cell>
   </Row>
   <Row>
    <Cell><Data ss:Type="String">Wednesday</Data></Cell>
    <Cell><Data ss:Type="String">C</Data></Cell>
    <Cell><Data ss:Type="Number">84</Data></Cell>
   </Row>
   <Row>
    <Cell><Data ss:Type="String">Wednesday</Data></Cell>
    <Cell><Data ss:Type="String">D</Data></Cell>
    <Cell><Data ss:Type="Number">94</Data></Cell>
   </Row>
   <Row>
    <Cell><Data ss:Type="String">Wednesday</Data></Cell>
    <Cell><Data ss:Type="String">E</Data></Cell>
    <Cell><Data ss:Type="Number">82</Data></Cell>
   </Row>
   <Row>
    <Cell><Data ss:Type="String">Thursday</Data></Cell>
    <Cell><Data ss:Type="String">A</Data></Cell>
    <Cell><Data ss:Type="Number">80</Data></Cell>
   </Row>
   <Row>
    <Cell><Data ss:Type="String">Thursday</Data></Cell>
    <Cell><Data ss:Type="String">B</Data></Cell>
    <Cell><Data ss:Type="Number">83</Data></Cell>
   </Row>
   <Row>
    <Cell><Data ss:Type="String">Thursday</Data></Cell>
    <Cell><Data ss:Type="String">C</Data></Cell>
    <Cell><Data ss:Type="Number">81</Data></Cell>
   </Row>
   <Row>
    <Cell><Data ss:Type="String">Thursday</Data></Cell>
    <Cell><Data ss:Type="String">D</Data></Cell>
    <Cell><Data ss:Type="Number">88</Data></Cell>
   </Row>
   <Row>
    <Cell><Data ss:Type="String">Thursday</Data></Cell>
    <Cell><Data ss:Type="String">E</Data></Cell>
    <Cell><Data ss:Type="Number">83</Data></Cell>
   </Row>
   <Row>
    <Cell><Data ss:Type="String">Friday</Data></Cell>
    <Cell><Data ss:Type="String">A</Data></Cell>
    <Cell><Data ss:Type="Number">70</Data></Cell>
   </Row>
   <Row>
    <Cell><Data ss:Type="String">Friday</Data></Cell>
    <Cell><Data ss:Type="String">B</Data></Cell>
    <Cell><Data ss:Type="Number">74</Data></Cell>
   </Row>
   <Row>
    <Cell><Data ss:Type="String">Friday</Data></Cell>
    <Cell><Data ss:Type="String">C</Data></Cell>
    <Cell><Data ss:Type="Number">77</Data></Cell>
   </Row>
   <Row>
    <Cell><Data ss:Type="String">Friday</Data></Cell>
    <Cell><Data ss:Type="String">D</Data></Cell>
    <Cell><Data ss:Type="Number">89</Data></Cell>
   </Row>
   <Row>
    <Cell><Data ss:Type="String">Friday</Data></Cell>
    <Cell><Data ss:Type="String">E</Data></Cell>
    <Cell><Data ss:Type="Number">68</Data></Cell>
   </Row>
  </Table>
  <WorksheetOptions xmlns="urn:schemas-microsoft-com:office:excel">
   <PageSetup>
    <Header x:Margin="0.3"/>
    <Footer x:Margin="0.3"/>
    <PageMargins x:Bottom="0.75" x:Left="0.7" x:Right="0.7" x:Top="0.75"/>
   </PageSetup>
   <Print>
    <ValidPrinterInfo/>
    <HorizontalResolution>600</HorizontalResolution>
    <VerticalResolution>600</VerticalResolution>
   </Print>
   <Selected/>
   <Panes>
    <Pane>
     <Number>3</Number>
     <ActiveRow>9</ActiveRow>
     <ActiveCol>9</ActiveCol>
    </Pane>
   </Panes>
   <ProtectObjects>False</ProtectObjects>
   <ProtectScenarios>False</ProtectScenarios>
  </WorksheetOptions>
 </Worksheet>
</Workbook>
